{
    "accuracy": 0.745,
    "f1_score": 0.8338762214983714,
    "precision": 0.7664670658682635,
    "recall": 0.9142857142857143,
    "auc": 0.7742857142857144
}