{
    "accuracy": 0.7898550724637681,
    "f1_score": 0.7642276422764228,
    "precision": 0.7580645161290323,
    "recall": 0.7704918032786885,
    "auc": 0.9027038535235257
}